{"objects":[{"itemIndex":1,"x":64.5,"y":-0.175827026,"z":-256.5,"rx":0.0,"ry":0.0,"rz":0.0},{"itemIndex":1,"x":93.0,"y":0.0,"z":-256.5,"rx":0.0,"ry":0.0,"rz":0.0},{"itemIndex":1,"x":84.0,"y":0.0,"z":-261.0,"rx":0.0,"ry":0.0,"rz":0.0},{"itemIndex":6,"x":100.5,"y":7.038195,"z":-309.0,"rx":0.0,"ry":35.0,"rz":0.0}]}